fname,prediction,true_val
abomasnow\2-5892911605.png,abomasnow,abomasnow
abomasnow\3-8033121537.png,abomasnow,abomasnow
abra\4-3119066341.png,abra,abra
absol\5-1798997115.png,absol,absol
absol\6-5827435094.png,absol,absol
accelgor\7-1768545812.png,accelgor,accelgor
aegislash\10-2243140245.png,aegislash,aegislash
aegislash\8-3337259051.jpg,aegislash,aegislash
aegislash\9-1024708892.png,aegislash,aegislash
aerodactyl\11-4625704881.png,aerodactyl,aerodactyl
aerodactyl\12-6091658706.png,aerodactyl,aerodactyl
aggron\13-9825776114.png,aggron,aggron
aggron\14-1356454761.png,aggron,aggron
aipom\15-5211887010.jpg,aipom,aipom
alakazam\16-6340254134.png,alakazam,alakazam
alakazam\2-2374792220.png,alakazam,alakazam
alomomola\3-7094246322.png,alomomola,alomomola
altaria\4-9522961988.png,altaria,altaria
altaria\5-1348104420.png,altaria,altaria
amaura\6-1155111417.png,amaura,amaura
ambipom\7-5606621316.png,ambipom,ambipom
amoonguss\8-1164576454.png,amoonguss,amoonguss
ampharos\10-2951410233.png,ampharos,ampharos
ampharos\9-2407651097.png,ampharos,ampharos
anorith\11-8853764066.png,anorith,anorith
araquanid\12-7857670787.png,araquanid,araquanid
arbok\13-3869778714.png,arbok,arbok
arcanine\14-2789695090.png,arcanine,arcanine
arceus\15-3819036982.png,arceus,arceus
archen\16-3897269711.png,archen,archen
archeops\2-6444848461.jpg,archeops,archeops
ariados\3-3267007324.png,spinarak,ariados
armaldo\4-8724255864.png,anorith,armaldo
aromatisse\5-3799462023.png,aromatisse,aromatisse
aron\6-4525857327.png,aron,aron
articuno\7-8705791403.png,articuno,articuno
audino\8-2744743807.png,audino,audino
audino\9-9218157423.png,audino,audino
aurorus\10-9888315901.png,aurorus,aurorus
avalugg\11-6216472766.png,avalugg,avalugg
axew\12-2615344088.png,axew,axew
azelf\13-5819032029.png,azelf,azelf
azumarill\14-3378169154.png,azumarill,azumarill
azurill\15-1148708537.png,azurill,azurill
bagon\16-6053723449.png,bagon,bagon
baltoy\2-8756989680.png,baltoy,baltoy
banette\3-6249743748.png,banette,banette
banette\4-1859765386.png,banette,banette
barbaracle\5-1359723457.png,barbaracle,barbaracle
barboach\6-6982518485.png,barboach,barboach
basculin\7-9554971123.png,basculin,basculin
basculin\8-7628585778.jpg,basculin,basculin
basculin\9-7846031453.png,basculin,basculin
bastiodon\10-8662004533.png,bastiodon,bastiodon
bayleef\11-5733157223.png,bayleef,bayleef
beartic\12-9490213748.png,beartic,beartic
beautifly\13-2177443713.png,beautifly,beautifly
beedrill\14-9491169711.png,beedrill,beedrill
beedrill\15-5885188490.png,beedrill,beedrill
beheeyem\16-3660577240.png,beheeyem,beheeyem
beldum\2-9546441286.png,beldum,beldum
bellossom\3-7805017106.png,bellossom,bellossom
bellsprout\4-2019007603.png,bellsprout,bellsprout
bergmite\5-1573075808.png,bergmite,bergmite
bewear\6-5519445941.png,bewear,bewear
bibarel\7-5691401633.png,bibarel,bibarel
bidoof\8-4092541626.png,bidoof,bidoof
binacle\9-2975435391.png,barbaracle,binacle
bisharp\10-2317600272.png,pawniard,bisharp
blacephalon\11-4706955553.png,blacephalon,blacephalon
blastoise\12-1101486692.png,carracosta,blastoise
blastoise\13-9697340125.png,blastoise,blastoise
blaziken\14-9366246056.png,zangoose,blaziken
blaziken\15-3327372230.jpg,blaziken,blaziken
blissey\16-3265423569.png,blissey,blissey
blitzle\2-3382382362.png,blitzle,blitzle
boldore\3-6943892726.png,boldore,boldore
bonsly\4-5441662318.png,bonsly,bonsly
bouffalant\5-7145308187.png,bouffalant,bouffalant
bounsweet\6-2157705813.png,bounsweet,bounsweet
braixen\7-4191201719.png,braixen,braixen
braviary\8-2688005475.png,braviary,braviary
breloom\9-3618667104.png,breloom,breloom
brionne\10-4764390181.png,brionne,brionne
bronzong\11-6692402224.png,bronzong,bronzong
bronzor\12-7126519734.png,bronzor,bronzor
bruxish\13-2917358300.png,bruxish,bruxish
budew\14-1909207995.png,budew,budew
buizel\15-8241909626.png,floatzel,buizel
bulbasaur\16-3258278761.png,bulbasaur,bulbasaur
buneary\2-6199976563.png,buneary,buneary
bunnelby\3-5706809532.png,bunnelby,bunnelby
burmy\4-9479631682.jpg,burmy,burmy
butterfree\5-1736719946.png,butterfree,butterfree
buzzwole\6-5277501950.png,buzzwole,buzzwole
cacnea\7-6858801288.png,cacnea,cacnea
cacturne\8-6316475228.png,cacturne,cacturne
camerupt\10-2836800086.png,camerupt,camerupt
camerupt\9-5811332442.png,camerupt,camerupt
carbink\11-7936315092.png,carbink,carbink
carnivine\12-1774843322.png,carnivine,carnivine
carracosta\13-1448289953.png,carracosta,carracosta
carvanha\14-1594668750.png,carvanha,carvanha
cascoon\15-6564872625.png,cascoon,cascoon
castform\16-7691980171.png,castform,castform
castform\2-6726010872.jpg,castform,castform
castform\3-8251076968.png,castform,castform
caterpie\4-1609223161.png,caterpie,caterpie
celebi\5-9492086090.png,celebi,celebi
celesteela\6-6696095384.png,celesteela,celesteela
chandelure\7-7369366362.png,chandelure,chandelure
chansey\8-3827386133.png,chansey,chansey
charizard\10-3488330124.jpg,charizard,charizard
charizard\11-3217989977.png,charizard,charizard
charizard\9-6545643240.png,charizard,charizard
charjabug\12-5922410304.png,charjabug,charjabug
charmander\13-7732803660.png,charmander,charmander
charmeleon\14-2761708011.png,charmeleon,charmeleon
chatot\15-8898720746.png,chatot,chatot
cherrim\16-5864370300.png,cherrim,cherrim
cherubi\2-1273022033.png,cherubi,cherubi
chesnaught\3-3115221058.png,chesnaught,chesnaught
chespin\4-8462959128.png,chespin,chespin
chikorita\5-4013062864.png,chikorita,chikorita
chimchar\6-9018746638.png,chimchar,chimchar
chimecho\7-4466781509.png,chimecho,chimecho
chinchou\8-3261972714.png,chinchou,chinchou
chingling\9-9594792118.png,chingling,chingling
cinccino\10-3263931106.png,cinccino,cinccino
clamperl\11-2230330361.png,clamperl,clamperl
clauncher\12-7810618816.png,clauncher,clauncher
clawitzer\13-5447198367.png,clawitzer,clawitzer
claydol\14-3675199813.png,claydol,claydol
clefable\15-5516395592.png,clefable,clefable
clefairy\16-3831991864.png,clefairy,clefairy
cleffa\2-9156740281.png,cleffa,cleffa
cloyster\3-5886279825.png,cloyster,cloyster
cobalion\4-6582899280.png,cobalion,cobalion
cofagrigus\5-2235892256.png,cofagrigus,cofagrigus
combee\6-5139737499.png,combee,combee
combusken\7-6119177228.png,combusken,combusken
comfey\8-8608562231.png,comfey,comfey
conkeldurr\9-1533652459.png,conkeldurr,conkeldurr
corphish\10-6980090335.png,corphish,corphish
corsola\11-5657545598.png,corsola,corsola
cosmoem\12-2567930810.png,cosmoem,cosmoem
cosmog\13-2352482699.png,cosmog,cosmog
cottonee\14-7178861949.png,cottonee,cottonee
crabominable\15-9198069822.png,crabominable,crabominable
crabrawler\16-2179377037.png,crabrawler,crabrawler
cradily\2-3710104684.png,cradily,cradily
cranidos\3-2269328898.png,cranidos,cranidos
crawdaunt\4-9856220882.png,crawdaunt,crawdaunt
cresselia\5-7958158274.png,cresselia,cresselia
croagunk\6-1843154015.png,croagunk,croagunk
crobat\7-8999153405.png,crobat,crobat
croconaw\8-7287548165.png,croconaw,croconaw
crustle\9-3881980237.png,crustle,crustle
cryogonal\10-7207652384.png,cryogonal,cryogonal
cubchoo\11-8661417905.png,cubchoo,cubchoo
cubone\12-5787022708.png,cubone,cubone
cutiefly\13-2449228451.png,cutiefly,cutiefly
cyndaquil\14-8759265698.png,cyndaquil,cyndaquil
darmanitan\15-3242092912.png,darmanitan,darmanitan
darmanitan\16-3325765684.png,darmanitan,darmanitan
darmanitan\2-3632413120.png,darmanitan,darmanitan
dartrix\3-2104328512.png,dartrix,dartrix
darumaka\4-5181857101.png,darumaka,darumaka
decidueye\5-7339097791.png,decidueye,decidueye
dedenne\6-3782412332.png,dedenne,dedenne
deerling\7-5623255647.png,deerling,deerling
deino\8-3980459889.png,deino,deino
delcatty\9-2305275263.png,delcatty,delcatty
delibird\10-4994109616.png,delibird,delibird
delphox\11-9865144293.png,delphox,delphox
deoxys\12-5209041662.png,deoxys,deoxys
deoxys\13-3864254935.png,deoxys,deoxys
deoxys\14-5063450999.png,deoxys,deoxys
deoxys\15-9179890471.png,deoxys,deoxys
dewgong\16-9434028784.png,dewgong,dewgong
dewott\2-4935388288.png,dewott,dewott
dewpider\3-2020201567.png,dewpider,dewpider
dhelmise\4-3878892125.png,dhelmise,dhelmise
dialga\5-3252422637.png,dialga,dialga
diancie\6-4195004978.png,diancie,diancie
diancie\7-6714976322.jpg,diancie,diancie
diggersby\8-4133006046.png,diggersby,diggersby
diglett\10-8781794533.png,diglett,diglett
diglett\9-6603470090.png,diglett,diglett
ditto\11-3498142150.jpg,ditto,ditto
dodrio\12-4373409369.png,dodrio,dodrio
doduo\13-4137903637.png,doduo,doduo
donphan\14-4336413721.jpg,donphan,donphan
doublade\15-5402613661.png,doublade,doublade
dragalge\16-7389280048.png,dragalge,dragalge
dragonair\2-3701264192.png,dragonair,dragonair
dragonite\3-9012644087.png,dragonite,dragonite
drampa\4-2378091956.png,drampa,drampa
drapion\5-6982794633.png,skorupi,drapion
dratini\6-3384552442.png,dratini,dratini
drifblim\7-1407836749.png,drifblim,drifblim
drifloon\8-2869363232.png,drifblim,drifloon
drilbur\9-3598074583.png,drilbur,drilbur
drowzee\10-2929760980.png,psyduck,drowzee
druddigon\11-5674600119.png,druddigon,druddigon
ducklett\12-3750152454.png,ducklett,ducklett
dugtrio\13-7874189629.png,diglett,dugtrio
dugtrio\14-3083177940.png,dugtrio,dugtrio
dunsparce\15-6197298934.png,dunsparce,dunsparce
duosion\16-7782910166.png,duosion,duosion
durant\2-3822776247.png,durant,durant
dusclops\3-9208746893.png,dusclops,dusclops
dusknoir\4-2870575511.jpg,dusknoir,dusknoir
duskull\5-6564515016.png,duskull,duskull
dustox\6-6879429915.png,dustox,dustox
dwebble\7-6774152291.png,dwebble,dwebble
eelektrik\8-3856885348.png,eelektrik,eelektrik
eelektross\9-5326976488.png,eelektross,eelektross
eevee\10-4834924752.png,eevee,eevee
ekans\11-9822559611.png,ekans,ekans
electabuzz\12-4157339708.png,electabuzz,electabuzz
electivire\13-3842877499.png,electivire,electivire
electrike\14-6491119868.png,electrike,electrike
electrode\15-9948085435.png,electrode,electrode
elekid\16-8695149533.png,elekid,elekid
elgyem\2-2071326187.png,elgyem,elgyem
emboar\3-5692165270.png,emboar,emboar
emolga\4-4603521664.png,emolga,emolga
empoleon\5-5166997188.png,empoleon,empoleon
entei\6-6268613954.png,entei,entei
escavalier\7-1828447670.png,karrablast,escavalier
espeon\8-4571381734.png,espeon,espeon
espurr\9-5165571973.png,espurr,espurr
excadrill\10-2319951629.png,excadrill,excadrill
exeggcute\11-2623198059.png,exeggcute,exeggcute
exeggutor\12-6007180946.png,exeggcute,exeggutor
exeggutor\13-8858833346.png,exeggutor,exeggutor
exploud\14-9317256382.png,exploud,exploud
farfetchd\15-1011925718.png,farfetchd,farfetchd
fearow\16-6440125277.png,fearow,fearow
feebas\17-6367823573.png,feebas,feebas
fennekin\18-8058925867.png,fennekin,fennekin
feraligatr\19-3690967196.png,feraligatr,feraligatr
ferroseed\20-8381546584.png,ferroseed,ferroseed
ferrothorn\21-2592016420.png,ferrothorn,ferrothorn
finneon\22-8324040254.png,finneon,finneon
flaaffy\23-5919430652.png,flaaffy,flaaffy
flabebe\24-7805365350.png,flabebe,flabebe
flareon\25-7360693146.png,flareon,flareon
fletchinder\26-6458863276.png,fletchinder,fletchinder
fletchling\27-7353389661.png,fletchling,fletchling
floatzel\28-7854137336.png,floatzel,floatzel
floette\29-5615258592.png,floette,floette
floette\30-4727663340.png,floette,floette
florges\31-9728121409.png,florges,florges
flygon\17-3973234626.jpg,trapinch,flygon
fomantis\18-9133309788.png,fomantis,fomantis
foongus\1. 1200px-590foongus.png,foongus,foongus
forretress\20-4323651144.png,forretress,forretress
fraxure\21-6518748998.png,fraxure,fraxure
frillish\22-5018154857.png,frillish,frillish
froakie\23-8396023328.png,froakie,froakie
frogadier\24-7924366749.png,froakie,frogadier
froslass\25-4464890241.png,froslass,froslass
furfrou\26-4339706944.png,furfrou,furfrou
furret\27-4103473599.png,furret,furret
gabite\28-9145393389.png,gabite,gabite
gallade\29-5845196282.png,gallade,gallade
gallade\30-7858612186.png,gallade,gallade
galvantula\31-8341272855.png,galvantula,galvantula
garbodor\17-9273047715.png,garbodor,garbodor
garchomp\18-6320037284.png,garchomp,garchomp
garchomp\19-5681485415.png,garchomp,garchomp
gardevoir\20-9345224583.png,gardevoir,gardevoir
gardevoir\21-5090120167.jpg,gardevoir,gardevoir
gastly\22-9563653810.png,gastly,gastly
gastrodon\23-9455884432.jpg,gastrodon,gastrodon
genesect\24-7123288371.png,genesect,genesect
gengar\25-6540661046.png,gengar,gengar
gengar\26-1938801718.jpg,gengar,gengar
geodude\27-1245839292.jpg,geodude,geodude
geodude\28-7804809427.png,geodude,geodude
gible\29-8906346490.png,gible,gible
gigalith\30-2326856897.png,gigalith,gigalith
girafarig\31-9554564291.png,girafarig,girafarig
giratina\17-4777719846.png,giratina,giratina
giratina\18-6938650342.png,giratina,giratina
giratina\19-9320724960.png,giratina,giratina
glaceon\20-2451180664.png,glaceon,glaceon
glalie\21-8101824956.png,glalie,glalie
glalie\22-5013525857.png,glalie,glalie
glameow\23-8633674675.png,glameow,glameow
gligar\24-7935722011.png,gligar,gligar
gliscor\25-2704267190.png,gliscor,gliscor
gloom\26-2421150989.png,gloom,gloom
gogoat\27-7742518754.png,gogoat,gogoat
golbat\28-6575046539.png,golbat,golbat
goldeen\29-4693040446.png,goldeen,goldeen
golduck\30-4235507801.png,golduck,golduck
golem\17-4440001138.png,golem,golem
golem\31-6356312872.png,golem,golem
golett\18-3833326834.png,golett,golett
golisopod\19-1932477977.png,golisopod,golisopod
golurk\20-6429067858.png,golurk,golurk
goodra\21-2484738538.png,sliggoo,goodra
goomy\22-2944444594.png,goomy,goomy
gorebyss\23-2705525782.png,gorebyss,gorebyss
gothita\24-9844740603.png,gothita,gothita
gothitelle\25-8608695644.png,gothitelle,gothitelle
gothorita\26-5961499810.png,gothorita,gothorita
gourgeist\27-7694776637.png,gourgeist,gourgeist
granbull\28-3032127434.png,snubbull,granbull
graveler\29-7231326296.jpg,graveler,graveler
graveler\30-6111388694.png,geodude,graveler
greninja\17-6786029352.jpg,greninja,greninja
greninja\18-5030402190.jpg,greninja,greninja
greninja\31-2993219632.jpg,greninja,greninja
grimer\19-9614687772.png,grimer,grimer
grimer\20-3871322597.png,grimer,grimer
grotle\21-3508844195.png,torterra,grotle
groudon\22-9360591728.png,groudon,groudon
grovyle\24-1101310263.png,grovyle,grovyle
growlithe\25-6728433618.png,growlithe,growlithe
grubbin\26-6284147214.png,grubbin,grubbin
grumpig\27-3982483399.png,grumpig,grumpig
gulpin\28-4298895887.png,swalot,gulpin
gumshoos\29-2037488275.png,gumshoos,gumshoos
gurdurr\30-6932065061.png,gurdurr,gurdurr
guzzlord\31-2563588262.png,guzzlord,guzzlord
gyarados\17-2822339868.png,gyarados,gyarados
gyarados\18-3033773069.png,gyarados,gyarados
hakamo-o\19-6244862953.png,hakamo-o,hakamo-o
happiny\20-4392824297.png,happiny,happiny
hariyama\21-6630238259.png,hariyama,hariyama
haunter\22-7396784478.png,haunter,haunter
hawlucha\23-6239653921.png,hawlucha,hawlucha
haxorus\24-8045486918.png,fraxure,haxorus
heatmor\25-6724204079.png,heatmor,heatmor
heatran\26-8945765243.png,heatran,heatran
heliolisk\27-7984371602.png,heliolisk,heliolisk
helioptile\28-7810594669.png,helioptile,helioptile
heracross\29-5075636851.png,heracross,heracross
heracross\30-5916927917.png,heracross,heracross
herdier\31-8993859978.png,herdier,herdier
hippopotas\17-1904569109.png,hippopotas,hippopotas
hippowdon\18-4598620130.png,hippowdon,hippowdon
hitmonchan\19-1558412632.png,hitmonchan,hitmonchan
hitmonlee\20-3745537986.png,hitmonlee,hitmonlee
hitmontop\21-1594812273.png,hitmontop,hitmontop
ho-oh\22-3024983784.png,ho-oh,ho-oh
honchkrow\23-2725940126.png,honchkrow,honchkrow
honedge\24-3954424261.png,honedge,honedge
hoopa\25-6984163558.png,hoopa,hoopa
hoopa\26-5796105527.png,hoopa,hoopa
hoothoot\27-4738526118.png,hoothoot,hoothoot
hoppip\28-7182649988.png,hoppip,hoppip
horsea\29-5951648125.png,horsea,horsea
houndoom\30-3926566292.png,houndoom,houndoom
houndoom\31-8748454929.png,houndoom,houndoom
houndour\17-2400086296.png,houndour,houndour
huntail\18-3340213876.png,huntail,huntail
hydreigon\19-7302260505.png,hydreigon,hydreigon
hypno\20-3879207072.png,hypno,hypno
igglybuff\21-7837024293.png,igglybuff,igglybuff
illumise\22-3617277602.png,illumise,illumise
incineroar\23-5736598180.png,litten,incineroar
infernape\24-9511292502.png,infernape,infernape
inkay\25-7637603170.png,inkay,inkay
ivysaur\26-4900352507.png,ivysaur,ivysaur
jangmo-o\27-7582816012.png,jangmo-o,jangmo-o
jellicent\28-9774602660.png,jellicent,jellicent
jigglypuff\29-6981814283.png,jigglypuff,jigglypuff
jirachi\30-4730873270.png,jirachi,jirachi
jolteon\31-5913363274.png,jolteon,jolteon
joltik\17-6351189434.png,joltik,joltik
jumpluff\18-6221061111.png,jumpluff,jumpluff
jynx\19-2416243398.png,jynx,jynx
kabuto\20-2827883111.png,kabuto,kabuto
kabutops\21-5056728138.png,kabutops,kabutops
kadabra\22-5065128278.png,kadabra,kadabra
kakuna\23-9259413527.png,kakuna,kakuna
kangaskhan\24-6990484424.png,kangaskhan,kangaskhan
kangaskhan\25-7007805850.png,kangaskhan,kangaskhan
karrablast\26-3471424462.png,karrablast,karrablast
kartana\27-3076046368.png,kartana,kartana
kecleon\28-3302130249.png,kecleon,kecleon
keldeo\29-5156196351.png,keldeo,keldeo
keldeo\30-7097600755.png,keldeo,keldeo
keldeo\31-4393234025.jpg,keldeo,keldeo
kingdra\17-7239217418.png,kingdra,kingdra
kingler\18-2493146000.png,krabby,kingler
kirlia\19-8097594872.png,kirlia,kirlia
klang\20-6016195927.png,klang,klang
klefki\21-7785743150.png,klefki,klefki
klink\22-5397332043.png,klink,klink
klinklang\23-2842783743.png,klinklang,klinklang
koffing\24-5737892274.png,koffing,koffing
komala\25-3523094237.png,komala,komala
kommo-o\26-6039799688.png,hakamo-o,kommo-o
krabby\27-1650033027.png,krabby,krabby
kricketot\28-3857462327.png,kricketot,kricketot
kricketune\29-5293602923.png,kricketune,kricketune
krokorok\30-4155179513.png,krokorok,krokorok
krookodile\31-9118647913.png,krookodile,krookodile
kyogre\17-5090019396.png,kyogre,kyogre
kyogre\18-4154875077.jpg,kyogre,kyogre
kyurem\19-9116731998.png,kyurem,kyurem
kyurem\20-4375564207.jpg,kyurem,kyurem
kyurem\21-5166011006.jpg,kyurem,kyurem
lairon\22-8497031192.png,lairon,lairon
lampent\23-6530478342.png,lampent,lampent
landorus\24-6968414696.png,landorus,landorus
landorus\25-9298353122.png,landorus,landorus
landorus\26-3594294941.png,landorus,landorus
lanturn\27-4367931382.png,lanturn,lanturn
lapras\28-8592840627.png,lapras,lapras
larvesta\29-7084337679.png,larvesta,larvesta
larvitar\30-5529894497.png,larvitar,larvitar
latias\17-6308965103.png,latias,latias
latias\31-2600631835.png,latias,latias
latios\18-7991302655.png,latios,latios
latios\19-5822306863.png,latios,latios
leafeon\20-9922060098.png,leafeon,leafeon
leavanny\21-4057778580.png,leavanny,leavanny
ledian\22-1255846656.png,ledian,ledian
ledyba\23-4224826333.png,ledyba,ledyba
lickilicky\24-5871023060.png,lickilicky,lickilicky
lickitung\25-5252899544.png,lickitung,lickitung
liepard\26-5439110171.png,liepard,liepard
lileep\27-3674666340.png,lileep,lileep
lilligant\28-5925102677.png,lilligant,lilligant
lillipup\29-1084267146.png,lillipup,lillipup
linoone\30-7004550413.png,linoone,linoone
litleo\31-6049983200.png,litleo,litleo
litten\17-9749942655.png,litten,litten
litwick\18-7679204190.jpg,litwick,litwick
lombre\19-5561888247.png,lombre,lombre
lopunny\20-9288119650.png,lopunny,lopunny
lopunny\21-4542904011.png,lopunny,lopunny
lotad\22-8134898596.png,lotad,lotad
loudred\23-2154068564.png,loudred,loudred
lucario\24-8730155617.png,lucario,lucario
lucario\25-4448192610.jpg,lucario,lucario
ludicolo\26-2900427321.png,ludicolo,ludicolo
lugia\27-6157529113.png,lugia,lugia
lumineon\28-8430772540.png,lumineon,lumineon
lunala\29-2025434179.png,cosmog,lunala
lunatone\30-7313671276.png,lunatone,lunatone
lurantis\31-7125133717.png,lurantis,lurantis
luvdisc\17-3322033278.png,luvdisc,luvdisc
luxio\18-1618129509.png,luxio,luxio
luxray\19-7689016697.png,luxray,luxray
lycanroc\20-4567457901.jpg,lycanroc,lycanroc
lycanroc\21-8661778725.png,lycanroc,lycanroc
lycanroc\22-5426643191.png,lycanroc,lycanroc
machamp\23-2819084296.png,machamp,machamp
machoke\24-8032201768.png,machoke,machoke
machop\25-9787180544.png,machop,machop
magby\26-9886896067.png,magby,magby
magcargo\27-5207974863.png,magcargo,magcargo
magearna\28-2627255174.png,magearna,magearna
magearna\29-5593724749.png,magearna,magearna
magikarp\30-6420327567.png,magikarp,magikarp
magmar\31-5244723982.png,magmar,magmar
magmortar\17-6222527710.png,magmortar,magmortar
magnemite\18-7779387198.jpg,magnemite,magnemite
magneton\19-5063495893.png,magneton,magneton
magnezone\20-3207246952.png,magnezone,magnezone
makuhita\21-2688915747.png,makuhita,makuhita
malamar\22-3727558842.png,malamar,malamar
mamoswine\23-2744652205.png,mamoswine,mamoswine
manaphy\24-1809932120.png,manaphy,manaphy
mandibuzz\25-9830819316.png,mandibuzz,mandibuzz
manectric\26-3745726186.png,manectric,manectric
manectric\27-4829032456.png,manectric,manectric
mankey\28-5163727692.png,mankey,mankey
mantine\29-6115258322.png,mantine,mantine
mantyke\30-1772536483.png,mantyke,mantyke
maractus\31-3878464932.png,maractus,maractus
mareanie\32-7528305059.png,toxapex,mareanie
mareep\33-8087041018.png,mareep,mareep
marill\34-1942964356.png,marill,marill
marowak\35-1785610353.png,marowak,marowak
marowak\36-5812926878.png,marowak,marowak
marshadow\37-9719351546.png,marshadow,marshadow
marshtomp\38-7991047649.png,marshtomp,marshtomp
masquerain\39-1716769733.png,masquerain,masquerain
mawile\40-4839740342.png,mawile,mawile
mawile\41-1878271650.png,mawile,mawile
medicham\42-7669573961.png,medicham,medicham
medicham\43-8921096527.jpg,medicham,medicham
meditite\44-7146926530.jpg,meditite,meditite
meganium\45-8935594960.png,meganium,meganium
meloetta\32-3313129635.png,meloetta,meloetta
meloetta\33-8818209949.png,meloetta,meloetta
meloetta\46-4604984041.png,meloetta,meloetta
meowstic\34-7283254988.png,meowstic,meowstic
meowstic\35-9534062432.jpg,meowstic,meowstic
meowstic\36-8561409003.png,meowstic,meowstic
meowth\37-1223045084.png,meowth,meowth
meowth\38-2995302405.png,meowth,meowth
mesprit\39-6452179599.png,mesprit,mesprit
metagross\40-7934799486.png,metagross,metagross
metagross\41-2119136687.png,metagross,metagross
metang\42-8963543720.png,metang,metang
metapod\43-9716680777.png,metapod,metapod
mew\44-7912341934.png,mew,mew
mewtwo\32-2130644237.png,mewtwo,mewtwo
mewtwo\45-5780349601.png,mewtwo,mewtwo
mewtwo\46-1122494887.png,mewtwo,mewtwo
mienfoo\1. 250px-619mienfoo.png,mienfoo,mienfoo
mienshao\34-1771020337.png,mienshao,mienshao
mightyena\35-9610006299.png,mightyena,mightyena
milotic\36-7128319061.png,milotic,milotic
miltank\37-9089472371.jpg,miltank,miltank
mime-jr\38-5450125473.png,mime-jr,mime-jr
mimikyu\39-6804278167.png,mimikyu,mimikyu
mimikyu\40-8253447874.png,mimikyu,mimikyu
mimikyu\41-1560126109.jpg,mimikyu,mimikyu
minccino\42-2301612723.png,minccino,minccino
minior\32-4299003335.png,minior,minior
minior\33-9223854951.png,minior,minior
minior\34-2381446037.png,minior,minior
minior\35-9870873487.png,minior,minior
minior\36-1024026974.png,minior,minior
minior\37-9884592539.png,minior,minior
minior\38-5643948486.png,minior,minior
minior\39-5024900679.png,minior,minior
minior\40-6127510140.png,minior,minior
minior\41-8463147430.png,minior,minior
minior\43-9662799263.png,minior,minior
minior\44-3996131161.png,minior,minior
minior\45-5137020599.png,minior,minior
minior\46-4353294805.png,minior,minior
minun\42-2027856029.png,minun,minun
misdreavus\43-4230108502.png,misdreavus,misdreavus
mismagius\44-6915895850.png,mismagius,mismagius
moltres\45-8360445854.png,moltres,moltres
monferno\46-1373166012.png,monferno,monferno
morelull\32-7943258376.png,morelull,morelull
mothim\33-5230581567.png,mothim,mothim
mr-mime\34-6125725034.png,mr-mime,mr-mime
mudbray\35-9004008551.png,mudbray,mudbray
mudkip\36-4912488677.png,mudkip,mudkip
mudsdale\37-4971990059.png,mudsdale,mudsdale
muk\38-3979043866.png,muk,muk
muk\39-5019243909.png,muk,muk
munchlax\40-6765740240.png,munchlax,munchlax
munna\41-7172605445.png,munna,munna
murkrow\42-7717384857.png,murkrow,murkrow
musharna\43-9181051493.png,musharna,musharna
naganadel\44-5064711718.png,naganadel,naganadel
natu\45-3140362334.png,natu,natu
necrozma\32-4507465551.png,necrozma,necrozma
necrozma\33-2352451822.jpg,necrozma,necrozma
necrozma\46-1203760201.png,necrozma,necrozma
nidoking\34-8855594254.jpg,nidoking,nidoking
nidoqueen\35-8295413462.png,nidoqueen,nidoqueen
nidoran-f\36-7757180716.png,nidorina,nidoran-f
nidoran-m\37-9366407915.png,nidoran-m,nidoran-m
nidorina\38-7690835487.png,nidorina,nidorina
nidorino\39-5056245142.png,nidorino,nidorino
nihilego\40-3599509972.png,nihilego,nihilego
nincada\41-2413205140.png,nincada,nincada
ninetales\42-9292688408.png,ninetales,ninetales
ninetales\43-8013236287.jpg,ninetales,ninetales
ninjask\44-4927490525.png,ninjask,ninjask
noctowl\45-4842241918.png,noctowl,noctowl
noibat\46-7954179718.png,noibat,noibat
noivern\32-8513774859.png,noibat,noivern
nosepass\33-1063189543.png,nosepass,nosepass
numel\34-1494527074.png,numel,numel
nuzleaf\35-1571633876.png,nuzleaf,nuzleaf
octillery\36-8146575703.png,octillery,octillery
oddish\37-9210654553.png,oddish,oddish
omanyte\38-2559627713.png,omanyte,omanyte
omastar\39-1716473903.png,tirtouga,omastar
onix\40-7164855335.png,onix,onix
oranguru\41-9318837667.png,oranguru,oranguru
oricorio\42-8672472791.png,oricorio,oricorio
oricorio\43-2066612882.png,oricorio,oricorio
oricorio\44-3372536437.png,oricorio,oricorio
oricorio\45-8884079367.png,oricorio,oricorio
oshawott\46-9387569602.png,oshawott,oshawott
pachirisu\32-2263669507.png,pachirisu,pachirisu
palkia\33-3888939986.png,palkia,palkia
palossand\34-9548671050.png,palossand,palossand
palpitoad\35-3359279946.png,palpitoad,palpitoad
pancham\36-9722837706.jpg,pancham,pancham
pangoro\37-8710937368.png,pangoro,pangoro
panpour\38-6651269775.png,panpour,panpour
pansage\39-3468907217.png,pansage,pansage
pansear\40-3321657833.png,pansear,pansear
paras\41-1291653352.png,paras,paras
parasect\42-4297559752.png,parasect,parasect
passimian\43-3182731966.png,passimian,passimian
patrat\44-5423148430.png,patrat,patrat
pawniard\45-2859538231.png,pawniard,pawniard
pelipper\46-7473225379.png,pelipper,pelipper
persian\32-8910408695.png,persian,persian
persian\33-5639614017.png,persian,persian
petilil\34-7588118222.png,petilil,petilil
phanpy\35-9560525036.png,phanpy,phanpy
phantump\36-9249679824.png,phantump,phantump
pheromosa\37-4692954812.png,pheromosa,pheromosa
phione\38-9233253895.png,phione,phione
pichu\39-3072555854.png,pichu,pichu
pidgeot\40-7244447245.png,pidgeot,pidgeot
pidgeot\41-6274458804.png,pidgeot,pidgeot
pidgeotto\42-6662094832.png,pidgeotto,pidgeotto
pidgey\43-7592505790.png,pidgey,pidgey
pidove\44-9591765180.png,pidove,pidove
pignite\45-2806739299.png,pignite,pignite
pikachu\46-2198266578.png,pikachu,pikachu
pikipek\32-8613536139.png,pikipek,pikipek
piloswine\33-7070090556.png,piloswine,piloswine
pineco\34-8934744743.png,pineco,pineco
pinsir\35-4637713579.png,pinsir,pinsir
pinsir\36-3886134567.jpg,pinsir,pinsir
piplup\37-6456256777.png,piplup,piplup
plusle\38-8000892653.png,plusle,plusle
poipole\39-5605260089.png,poipole,poipole
politoed\40-6301094318.png,politoed,politoed
poliwag\41-8882045731.png,poliwag,poliwag
poliwhirl\42-9862689350.png,poliwhirl,poliwhirl
poliwrath\43-3788111423.png,poliwrath,poliwrath
ponyta\44-5802265964.png,ponyta,ponyta
poochyena\45-5578872898.png,poochyena,poochyena
popplio\46-7177614536.png,popplio,popplio
porygon\32-4273222205.png,porygon,porygon
porygon-z\33-7706672640.png,porygon-z,porygon-z
porygon2\34-2217151172.png,porygon2,porygon2
primarina\35-8770795799.png,primarina,primarina
primeape\36-5000420606.png,primeape,primeape
prinplup\37-6368669256.png,prinplup,prinplup
probopass\38-6490813712.png,wormadam,probopass
psyduck\39-5826954678.png,psyduck,psyduck
pumpkaboo\40-1213543188.png,pumpkaboo,pumpkaboo
pupitar\41-1253419014.png,pupitar,pupitar
purrloin\42-6069649013.png,purrloin,purrloin
purugly\43-2860426106.png,purugly,purugly
pyroar\44-8839437736.png,pyroar,pyroar
pyukumuku\45-4057322959.png,pyukumuku,pyukumuku
quagsire\46-8738686921.png,quagsire,quagsire
quilava\32-1128869588.png,quilava,quilava
quilladin\33-7170149075.png,quilladin,quilladin
qwilfish\34-2562886969.png,qwilfish,qwilfish
raichu\35-7968241460.png,raichu,raichu
raichu\36-5459367519.png,raichu,raichu
raikou\37-4277416595.png,raikou,raikou
ralts\38-7111102883.jpg,ralts,ralts
rampardos\39-8186642796.png,rampardos,rampardos
rapidash\40-6710432996.png,rapidash,rapidash
raticate\41-3414724303.png,raticate,raticate
raticate\42-3542137251.png,raticate,raticate
rattata\43-2718355832.png,rattata,rattata
rattata\44-6340369616.png,rattata,rattata
rayquaza\45-5512828516.png,rayquaza,rayquaza
rayquaza\46-3579071874.png,rayquaza,rayquaza
regice\32-6511212696.png,regice,regice
regigigas\33-3542139106.png,regigigas,regigigas
regirock\34-8296088644.png,regirock,regirock
registeel\35-2252370084.png,registeel,registeel
relicanth\36-9169279112.png,relicanth,relicanth
remoraid\37-5728223127.png,remoraid,remoraid
reshiram\38-8637954360.png,reshiram,reshiram
reuniclus\39-1188276633.png,reuniclus,reuniclus
rhydon\40-9494784440.png,rhydon,rhydon
rhyhorn\41-7329408216.png,rhyhorn,rhyhorn
rhyperior\42-6540780536.png,rhyperior,rhyperior
ribombee\43-2185698950.png,ribombee,ribombee
riolu\44-3250091453.png,riolu,riolu
rockruff\45-8989370780.png,rockruff,rockruff
roggenrola\46-7296948283.png,roggenrola,roggenrola
roselia\32-5820248446.png,roselia,roselia
roserade\33-6650182956.png,roserade,roserade
rotom\34-3628929043.png,rotom,rotom
rotom\35-8057244248.png,rotom,rotom
rotom\36-9179060458.jpg,rotom,rotom
rotom\37-1165758222.jpg,rotom,rotom
rowlet\38-8593525940.png,rowlet,rowlet
rufflet\39-3459959287.png,rufflet,rufflet
sableye\40-1957426436.png,sableye,sableye
sableye\41-7250650932.png,sableye,sableye
salamence\42-3585123954.png,salamence,salamence
salamence\43-6268665600.png,salamence,salamence
salandit\44-5725685942.png,salandit,salandit
salazzle\45-9035513345.png,salazzle,salazzle
samurott\46-9106616543.png,samurott,samurott
sandile\32-8462495752.png,sandile,sandile
sandshrew\33-8341204931.png,sandshrew,sandshrew
sandshrew\34-1021442961.png,sandshrew,sandshrew
sandslash\35-4392927066.png,sandslash,sandslash
sandslash\36-5427364763.png,sandslash,sandslash
sandygast\37-3576007933.png,sandygast,sandygast
sawk\38-6848482282.png,sawk,sawk
sawsbuck\39-2248756604.png,sawsbuck,sawsbuck
scatterbug\40-9624186115.png,scatterbug,scatterbug
sceptile\41-7206722584.png,sceptile,sceptile
sceptile\42-6952437466.png,sceptile,sceptile
scizor\43-5101816211.png,scizor,scizor
scizor\44-2647375978.png,scizor,scizor
scolipede\45-8837692207.png,whirlipede,scolipede
scrafty\46-7169983515.png,scrafty,scrafty
scraggy\32-5816913678.png,scraggy,scraggy
scyther\33-8201396259.png,scyther,scyther
seadra\34-7729111680.png,seadra,seadra
seaking\35-5703141954.png,seaking,seaking
sealeo\36-8434613104.png,sealeo,sealeo
seedot\37-7020367212.png,seedot,seedot
seel\38-5040475162.png,seel,seel
seismitoad\39-1580160404.png,seismitoad,seismitoad
sentret\40-3064531225.jpg,sentret,sentret
serperior\41-2945181559.png,servine,serperior
servine\42-6158352333.png,servine,servine
seviper\43-4393099499.png,seviper,seviper
sewaddle\44-3037203779.png,sewaddle,sewaddle
sharpedo\45-7628801174.png,sharpedo,sharpedo
sharpedo\46-1374347483.jpg,sharpedo,sharpedo
shaymin\47-8393842096.png,shaymin,shaymin
shaymin\48-5605244864.png,shaymin,shaymin
shedinja\49-2400536041.png,shedinja,shedinja
shelgon\50-6336154975.png,shelgon,shelgon
shellder\51-8745632905.png,shellder,shellder
shellos\52-6024149987.png,gastrodon,shellos
shelmet\53-8454019216.png,shelmet,shelmet
shieldon\54-5288084964.png,shieldon,shieldon
shiftry\55-8619305938.png,shiftry,shiftry
shiinotic\56-2238475189.png,shiinotic,shiinotic
shinx\57-2471414349.png,shinx,shinx
shroomish\58-2432337037.png,shroomish,shroomish
shuckle\59-8183139165.png,shuckle,shuckle
shuppet\60-5389386781.png,shuppet,shuppet
sigilyph\61-5094692950.png,sigilyph,sigilyph
silcoon\47-7883284757.png,silcoon,silcoon
silvally\48-6196350812.png,silvally,silvally
simipour\49-5061836761.png,simipour,simipour
simisage\50-7443128194.png,simisage,simisage
simisear\51-9458269520.png,simisear,simisear
skarmory\52-8573448485.png,skarmory,skarmory
skiddo\53-3472083149.png,skiddo,skiddo
skiploom\54-8294278491.png,skiploom,skiploom
skitty\55-2822771082.png,skitty,skitty
skorupi\56-8428329801.png,skorupi,skorupi
skrelp\57-5996481350.png,skrelp,skrelp
skuntank\58-6942225407.png,skuntank,skuntank
slaking\59-8712080587.png,slaking,slaking
slakoth\60-3501719007.png,slakoth,slakoth
sliggoo\61-2894835674.png,sliggoo,sliggoo
slowbro\47-2525233969.png,slowpoke,slowbro
slowbro\48-8077302148.png,slowbro,slowbro
slowking\49-9226560278.png,slowking,slowking
slowpoke\50-6461397997.png,slowpoke,slowpoke
slugma\51-6062111786.png,slugma,slugma
slurpuff\52-1334990646.png,slurpuff,slurpuff
smeargle\53-3004173437.png,smeargle,smeargle
smoochum\54-6375693956.png,smoochum,smoochum
sneasel\55-4350389198.png,sneasel,sneasel
snivy\56-4954776938.png,snivy,snivy
snorlax\57-8669769255.png,snorlax,snorlax
snorunt\58-8675969056.png,snorunt,snorunt
snover\59-4155291092.png,snover,snover
snubbull\60-5956720120.png,snubbull,snubbull
solgaleo\61-9196129814.png,solgaleo,solgaleo
solosis\47-3941114160.png,solosis,solosis
solrock\48-6493114021.png,solrock,solrock
spearow\49-2132042070.png,spearow,spearow
spewpa\50-1204096322.png,spewpa,spewpa
spheal\51-5057003996.png,spheal,spheal
spinarak\52-5295668871.png,spinarak,spinarak
spinda\53-2523270416.jpeg,spinda,spinda
spiritomb\54-4643441279.png,spiritomb,spiritomb
spoink\55-1117526508.png,spoink,spoink
spritzee\56-4360291297.png,spritzee,spritzee
squirtle\57-2182627928.png,squirtle,squirtle
stakataka\58-8484238742.png,stakataka,stakataka
stantler\59-1665261705.png,stantler,stantler
staraptor\60-3107964983.png,staraptor,staraptor
staravia\61-7247512727.png,staravia,staravia
starly\47-8661679541.png,starly,starly
starmie\48-3558635586.png,starmie,starmie
staryu\49-8042868645.png,staryu,staryu
steelix\50-6578541154.png,steelix,steelix
steelix\51-4165233857.png,steelix,steelix
steenee\52-4710683427.png,steenee,steenee
stoutland\53-3241336041.png,stoutland,stoutland
stufful\54-8232749664.png,stufful,stufful
stunfisk\55-2851202816.png,stunfisk,stunfisk
stunky\56-5647009414.png,stunky,stunky
sudowoodo\57-6113255670.png,sudowoodo,sudowoodo
suicune\58-5172965760.png,suicune,suicune
sunflora\59-6737100905.png,sunflora,sunflora
sunkern\60-4411619753.png,sunkern,sunkern
surskit\61-2481887068.png,surskit,surskit
swablu\47-2789306469.png,swablu,swablu
swadloon\48-8968185244.png,swadloon,swadloon
swalot\49-8187610686.png,swalot,swalot
swampert\50-3726355210.png,swampert,swampert
swampert\51-2979816991.png,swampert,swampert
swanna\52-6102658837.png,swanna,swanna
swellow\53-9184055471.png,swellow,swellow
swinub\54-3589113831.png,swinub,swinub
swirlix\55-4685878846.png,swirlix,swirlix
swoobat\56-5386220726.png,swoobat,swoobat
sylveon\57-4987148188.png,sylveon,sylveon
taillow\58-8680929539.png,taillow,taillow
talonflame\59-6334941775.png,talonflame,talonflame
tangela\60-5156274353.png,tangela,tangela
tangrowth\61-8912054343.png,tangrowth,tangrowth
tapu-bulu\47-7462339001.png,tapu-bulu,tapu-bulu
tapu-fini\48-2360331657.png,tapu-fini,tapu-fini
tapu-koko\49-8278955006.png,tapu-koko,tapu-koko
tapu-lele\50-3627861739.png,tapu-lele,tapu-lele
tauros\51-1414395319.png,tauros,tauros
teddiursa\52-3673658597.png,teddiursa,teddiursa
tentacool\53-6684216562.png,tentacool,tentacool
tentacruel\54-7862677367.png,tentacruel,tentacruel
tepig\55-6259046371.png,tepig,tepig
terrakion\56-9596175479.png,terrakion,terrakion
throh\57-8344960279.png,throh,throh
thundurus\58-1244425387.png,landorus,thundurus
thundurus\59-2819882127.png,landorus,thundurus
thundurus\60-5956379628.png,landorus,thundurus
timburr\61-7077979659.png,timburr,timburr
tirtouga\47-3455451958.png,tirtouga,tirtouga
togedemaru\48-6862212057.png,togedemaru,togedemaru
togekiss\49-4719435331.png,togekiss,togekiss
togepi\50-2422004875.png,togepi,togepi
togetic\51-9648392797.png,togetic,togetic
torchic\52-2148011122.png,torchic,torchic
torkoal\53-5738590863.png,torkoal,torkoal
tornadus\54-4889842778.png,tornadus,tornadus
tornadus\55-5236236810.png,tornadus,tornadus
tornadus\56-5856902160.png,tornadus,tornadus
torracat\57-7528863709.png,litten,torracat
torterra\58-2547218669.png,torterra,torterra
totodile\59-3407437205.png,totodile,totodile
toucannon\60-7326722967.png,toucannon,toucannon
toxapex\61-2688751679.png,toxapex,toxapex
toxicroak\47-1918629462.png,toxicroak,toxicroak
tranquill\48-7723074877.png,tranquill,tranquill
trapinch\49-3041456009.png,trapinch,trapinch
treecko\50-6450075260.png,treecko,treecko
trevenant\51-5669966933.png,trevenant,trevenant
tropius\52-8492032013.png,tropius,tropius
trubbish\53-1538266833.png,trubbish,trubbish
trumbeak\54-6070581437.png,trumbeak,trumbeak
tsareena\55-2719653247.png,steenee,tsareena
turtonator\56-8531418137.png,turtonator,turtonator
turtwig\57-9106140796.png,turtwig,turtwig
tympole\58-6793932699.png,tympole,tympole
tynamo\59-8555581257.png,tynamo,tynamo
type-null\60-6704973504.png,type-null,type-null
typhlosion\61-9414128757.png,typhlosion,typhlosion
tyranitar\47-4029268371.png,tyranitar,tyranitar
tyranitar\48-1937056692.png,tyranitar,tyranitar
tyrantrum\49-8269301884.png,tyrantrum,tyrantrum
tyrogue\50-3190067404.jpg,tyrogue,tyrogue
tyrunt\51-1760866756.png,tyrunt,tyrunt
umbreon\52-3867292332.png,umbreon,umbreon
unfezant\53-6766903619.png,unfezant,unfezant
unown\54-9395730909.jpg,unown,unown
ursaring\55-8921795149.png,ursaring,ursaring
uxie\56-8879444581.png,uxie,uxie
vanillish\57-1819823407.png,vanillish,vanillish
vanillite\58-7221596500.png,vanillite,vanillite
vanilluxe\59-4950917058.png,vanilluxe,vanilluxe
vaporeon\60-4814764413.png,vaporeon,vaporeon
venipede\61-1326300596.png,venipede,venipede
venomoth\47-9991812096.jpg,venomoth,venomoth
venonat\48-5720263796.png,venonat,venonat
venusaur\49-2933966310.png,venusaur,venusaur
venusaur\50-9218252693.png,venusaur,venusaur
vespiquen\51-8525866875.png,vespiquen,vespiquen
vibrava\52-7891607661.png,vibrava,vibrava
victini\53-3166784080.png,victini,victini
victreebel\54-6540202820.png,victreebel,victreebel
vigoroth\55-1748874034.png,vigoroth,vigoroth
vikavolt\56-4148818046.png,vikavolt,vikavolt
vileplume\57-9701394253.png,vileplume,vileplume
virizion\58-8166719475.png,virizion,virizion
vivillon\59-9168342164.png,vivillon,vivillon
volbeat\60-9365838712.png,volbeat,volbeat
volcanion\61-7802242161.png,volcanion,volcanion
volcarona\47-6809357202.jpg,volcarona,volcarona
voltorb\48-6242426651.png,electrode,voltorb
vullaby\49-2156379168.png,vullaby,vullaby
vulpix\50-1211072681.png,vulpix,vulpix
vulpix\51-7903634368.jpg,vulpix,vulpix
wailmer\52-1521077935.png,wailmer,wailmer
wailord\53-8110786836.png,wailord,wailord
walrein\54-7113993808.png,walrein,walrein
wartortle\55-9872662000.png,wartortle,wartortle
watchog\56-9642388819.png,watchog,watchog
weavile\57-6269440165.png,weavile,weavile
weedle\58-1794686401.png,weedle,weedle
weepinbell\59-1036953146.png,weepinbell,weepinbell
weezing\60-7807222153.png,weezing,weezing
whimsicott\61-7374027698.png,whimsicott,whimsicott
whirlipede\47-1320776402.png,whirlipede,whirlipede
whiscash\48-9385094419.png,whiscash,whiscash
whismur\49-8815981021.png,whismur,whismur
wigglytuff\50-7976295400.png,wigglytuff,wigglytuff
wimpod\51-1826292337.png,wimpod,wimpod
wingull\52-9862834079.png,wingull,wingull
wishiwashi\53-1046225472.png,wishiwashi,wishiwashi
wishiwashi\54-6664041657.png,wishiwashi,wishiwashi
wishiwashi\55-5452565884.png,wishiwashi,wishiwashi
wobbuffet\56-5533790759.png,wobbuffet,wobbuffet
woobat\57-6239485162.png,woobat,woobat
wooper\58-3946297550.png,wooper,wooper
wormadam\59-4342680175.png,mothim,wormadam
wormadam\60-6179040386.png,wormadam,wormadam
wormadam\61-3640435112.png,wormadam,wormadam
wurmple\47-9136495551.jpg,wurmple,wurmple
wynaut\48-4145706585.png,wynaut,wynaut
xatu\49-4812253624.png,xatu,xatu
xerneas\50-7452754808.png,xerneas,xerneas
xurkitree\51-8400632857.png,xurkitree,xurkitree
yamask\52-3124304307.png,yamask,yamask
yanma\53-9963396860.png,yanma,yanma
yanmega\54-4258903125.png,yanmega,yanmega
yungoos\55-7623429857.png,yungoos,yungoos
yveltal\56-2050565727.png,yveltal,yveltal
zangoose\57-7095426711.png,zangoose,zangoose
zapdos\58-8262430138.png,zapdos,zapdos
zebstrika\59-3811902782.png,zebstrika,zebstrika
zekrom\60-3749804600.png,zekrom,zekrom
zeraora\61-4763263734.png,zeraora,zeraora
zigzagoon\47-6317545333.png,zigzagoon,zigzagoon
zoroark\48-2319285301.png,zoroark,zoroark
zorua\49-1259902284.png,zorua,zorua
zubat\50-7415425112.png,zubat,zubat
zweilous\51-8283523518.png,zweilous,zweilous
zygarde\52-3037994306.png,zygarde,zygarde
zygarde\53-3031870807.png,zygarde,zygarde
zygarde\54-2483027705.png,mudbray,zygarde
